Region,Soil_Type,Temperature_C,Rainfall_mm,Humidity_Percent,Crop,Area_Acres,Yield_Kg,Production_Cost_INR,Selling_Price_INR_Per_Kg,Profit_INR
Bhimavaram,Loamy,29.0,1086.2,78.2,Groundnut,3.2,3687,47438,54.4,153134
Guntur,Loamy,35.2,976.7,62.7,Pulses,1.8,1139,21099,68.4,56808
Vijayawada,Loamy,31.5,758.7,61.4,Rice,1.8,3398,42721,22.3,33054
Guntur,Loamy,30.2,758.8,72.3,Pulses,2.8,1642,33713,65.0,73017
Kurnool,Black,31.9,711.1,49.2,Maize,5.0,7782,87297,17.7,50444
Rajahmundry,Loamy,28.8,1235.2,79.9,Maize,7.3,9792,136804,16.9,28680
Rajahmundry,Sandy,30.4,854.0,73.4,Maize,2.9,4436,54127,18.2,26608
Rajahmundry,Loamy,29.8,1019.9,72.6,Rice,4.4,9800,107466,23.2,119894
Rajahmundry,Sandy,30.7,873.7,81.6,Pulses,3.4,1961,39419,72.1,101969
Bhimavaram,Black,30.1,1193.1,70.8,Pulses,2.1,1221,25617,73.4,64004
Vijayawada,Loamy,30.0,931.4,64.5,Pulses,3.6,1902,44955,74.7,97124
Kurnool,Sandy,32.9,800.4,56.8,Pulses,2.7,1515,32985,75.4,81246
Bhimavaram,Loamy,27.9,1256.5,61.9,Maize,8.0,12986,144626,17.7,85226
Bhimavaram,Clay,28.2,901.2,73.9,Rice,4.4,9114,118128,21.4,76911
Vijayawada,Sandy,29.4,899.8,74.6,Maize,4.3,6662,75349,18.5,47898
Guntur,Sandy,32.2,996.9,61.5,Rice,6.5,12574,159314,20.4,97195
Guntur,Clay,32.6,926.1,65.0,Maize,5.2,7617,86976,17.6,47083
Rajahmundry,Clay,29.3,969.8,79.2,Groundnut,8.6,8947,141165,55.5,355393
Bhimavaram,Clay,28.5,1092.6,65.4,Rice,8.2,19628,205617,24.7,279194
Vijayawada,Sandy,30.6,980.2,69.8,Rice,2.9,5122,76642,22.8,40139
Kurnool,Sandy,34.6,609.1,62.0,Maize,6.9,8899,127844,20.0,50136
Vijayawada,Black,29.0,893.4,70.5,Maize,3.4,4843,56454,18.1,31204
Guntur,Sandy,29.9,947.4,60.4,Pulses,4.9,3396,56497,68.9,177487
Kurnool,Black,34.6,576.9,56.1,Groundnut,3.0,3392,41383,55.5,146873
Guntur,Black,32.5,978.2,58.8,Rice,7.8,13540,200088,22.3,101854
Bhimavaram,Clay,28.5,1134.6,71.6,Maize,8.1,12432,147936,17.4,68380
Vijayawada,Loamy,34.7,997.4,64.0,Cotton,4.4,3751,125567,62.4,108495
Vijayawada,Sandy,33.3,867.9,74.8,Pulses,8.7,5435,108691,76.6,307629
Bhimavaram,Loamy,27.5,1024.6,70.6,Pulses,7.8,4298,93239,71.2,212778
Rajahmundry,Loamy,30.6,1132.7,80.1,Groundnut,4.9,5612,72527,62.5,278223
Vijayawada,Loamy,32.3,864.3,64.6,Groundnut,9.7,10168,143874,57.0,435702
Guntur,Loamy,32.9,892.7,60.8,Groundnut,8.6,7297,126119,57.4,292728
Kurnool,Clay,33.4,575.4,55.9,Maize,4.4,6854,75699,18.1,48358
Guntur,Loamy,32.1,785.7,66.8,Pulses,3.9,2471,49334,73.7,132778
Bhimavaram,Loamy,25.2,1006.2,77.6,Groundnut,8.9,9357,136937,65.6,476882
Rajahmundry,Clay,31.1,1163.6,84.8,Rice,3.2,8180,78738,22.8,107766
Kurnool,Loamy,31.5,676.3,52.6,Rice,7.6,15324,211989,19.9,92958
Bhimavaram,Clay,29.4,938.7,72.6,Maize,6.9,11477,124599,17.0,70510
Kurnool,Clay,31.6,768.0,51.3,Groundnut,5.7,5823,85694,53.2,224089
Kurnool,Black,37.3,763.4,44.9,Maize,9.4,14363,163601,18.8,106423
Guntur,Sandy,30.4,888.5,67.5,Cotton,10.0,8693,281995,59.0,230892
Rajahmundry,Black,29.1,984.7,88.8,Pulses,5.1,3184,57341,73.2,175727
Guntur,Clay,36.2,1003.2,57.4,Rice,4.0,9135,106334,21.2,87328
Kurnool,Clay,33.9,777.5,50.4,Pulses,3.0,1789,30165,66.4,88624
Bhimavaram,Loamy,27.5,975.2,83.2,Maize,1.6,2057,28166,18.1,9065
Bhimavaram,Sandy,30.9,956.4,80.8,Rice,5.6,11211,133129,22.5,119118
Rajahmundry,Black,30.4,990.0,80.3,Maize,5.9,8509,106802,18.6,51465
Kurnool,Black,36.2,576.2,65.7,Maize,8.1,9778,144693,18.5,36200
Vijayawada,Clay,31.6,887.7,69.0,Rice,1.9,3613,46100,22.9,36637
Vijayawada,Sandy,31.7,880.7,74.5,Cotton,4.7,3876,146730,61.9,93194
Bhimavaram,Loamy,26.3,1044.0,78.7,Rice,4.6,11714,114879,22.1,144000
Rajahmundry,Loamy,32.6,990.8,82.7,Maize,2.7,3968,48071,19.0,27321
Kurnool,Black,34.7,781.4,61.5,Maize,4.8,7215,89346,17.7,38359
Rajahmundry,Black,30.6,1037.0,80.5,Maize,8.9,14145,153646,19.9,127839
Bhimavaram,Black,26.0,978.6,80.8,Pulses,1.9,1230,23511,72.2,65295
Kurnool,Loamy,33.0,610.3,55.4,Rice,9.3,17340,243835,21.8,134177
Guntur,Clay,30.3,867.9,67.1,Cotton,5.4,4076,155340,60.7,92073
Guntur,Black,32.5,849.3,62.6,Rice,2.5,5116,57974,20.5,46904
Bhimavaram,Black,26.6,1078.7,76.6,Groundnut,9.3,10672,145482,54.6,437209
Vijayawada,Sandy,31.0,849.7,69.9,Cotton,7.3,5671,222533,57.5,103549
Kurnool,Black,34.0,853.3,54.5,Maize,2.7,4213,50277,17.6,23871
Guntur,Loamy,32.4,901.3,65.5,Pulses,7.6,4208,91311,71.7,210402
Bhimavaram,Sandy,30.9,1195.9,85.8,Rice,1.5,2770,39135,22.2,22359
Vijayawada,Clay,35.4,869.2,65.8,Rice,9.6,18049,214513,21.4,171735
Bhimavaram,Clay,26.5,1115.0,76.7,Rice,6.4,18242,167603,21.4,222775
Guntur,Black,30.2,949.2,58.4,Rice,9.5,22480,251505,21.5,231815
Kurnool,Clay,29.6,835.4,54.4,Pulses,6.4,4315,70677,67.9,222311
Kurnool,Loamy,33.0,704.7,52.7,Cotton,6.9,5864,195950,59.6,153544
Kurnool,Sandy,33.2,751.4,58.6,Groundnut,2.8,2982,38778,58.5,135669
Rajahmundry,Clay,30.7,975.2,87.8,Groundnut,4.6,4653,73068,55.2,183777
Rajahmundry,Black,34.1,1225.5,78.8,Groundnut,9.4,10313,145549,58.8,460855
Bhimavaram,Loamy,26.1,1168.6,80.3,Cotton,6.6,4351,186285,53.9,48233
Kurnool,Loamy,32.5,771.8,62.5,Rice,5.8,11686,156807,20.5,82756
Kurnool,Sandy,29.6,694.4,56.9,Maize,9.4,14054,151709,17.9,99857
Bhimavaram,Clay,25.4,1167.0,76.8,Groundnut,3.6,3262,52612,52.1,117338
Vijayawada,Sandy,30.9,1045.5,65.1,Pulses,9.9,6239,115650,67.2,303610
Kurnool,Loamy,32.8,596.5,52.2,Pulses,3.7,1954,48761,70.1,88214
Bhimavaram,Clay,26.6,1121.4,74.4,Groundnut,2.0,1956,30921,57.1,80766
Bhimavaram,Clay,26.9,1042.4,73.6,Groundnut,3.5,2694,48522,58.8,109885
Guntur,Sandy,35.3,875.1,67.9,Maize,7.2,11136,149551,19.0,62033
Rajahmundry,Black,29.7,954.4,72.0,Groundnut,9.1,9285,131337,51.1,343126
Bhimavaram,Loamy,26.7,991.8,83.4,Cotton,8.5,7400,254898,64.4,221662
Bhimavaram,Loamy,28.2,1013.9,82.6,Groundnut,7.9,8326,112354,54.5,341413
Rajahmundry,Clay,28.2,911.7,84.6,Cotton,6.0,5717,167412,61.7,185326
Vijayawada,Loamy,29.7,901.3,67.0,Rice,1.7,3106,42603,21.1,22933
Guntur,Loamy,32.5,895.0,63.8,Groundnut,6.2,5637,90318,57.1,231554
Guntur,Black,33.0,802.2,65.5,Maize,1.4,2258,23096,18.5,18677
Rajahmundry,Loamy,28.7,1107.1,76.2,Groundnut,2.9,2377,39960,55.1,91012
Guntur,Loamy,32.5,809.6,68.2,Groundnut,8.0,6671,119603,51.7,225287
Vijayawada,Clay,29.7,954.7,65.7,Maize,8.8,12692,166369,17.5,55741
Guntur,Black,33.7,787.0,67.6,Rice,2.6,5950,56967,21.1,68578
Rajahmundry,Black,31.2,1029.7,81.9,Maize,3.4,4792,61464,17.9,24312
Bhimavaram,Black,30.3,1125.4,76.7,Rice,8.7,16683,212197,21.5,146487
Guntur,Clay,32.8,857.9,66.4,Cotton,4.1,3961,128357,59.0,105342
Guntur,Clay,34.4,859.2,54.8,Rice,6.9,12409,156364,21.6,111670
Vijayawada,Sandy,31.0,1117.6,71.6,Groundnut,8.8,10329,137474,48.9,367614
Rajahmundry,Sandy,30.5,1127.1,72.6,Pulses,4.6,3076,56134,68.5,154572
Kurnool,Sandy,34.3,927.1,55.9,Rice,2.0,4099,48851,21.1,37637
Rajahmundry,Clay,31.7,964.4,80.4,Pulses,9.7,5542,119187,71.2,275403
Rajahmundry,Loamy,32.1,999.0,78.7,Rice,6.4,11547,156445,22.4,102207
Rajahmundry,Sandy,31.5,957.8,84.3,Cotton,6.5,5905,199030,65.6,188337
Kurnool,Loamy,31.5,575.5,46.1,Cotton,9.1,8369,281932,59.8,218534
Guntur,Sandy,32.6,787.5,77.2,Rice,7.4,14991,186011,22.8,155783
Bhimavaram,Clay,29.0,1122.4,71.0,Groundnut,4.9,5131,80416,58.7,220773
Rajahmundry,Sandy,33.2,998.9,75.1,Rice,7.5,14811,188022,23.2,155593
Rajahmundry,Sandy,26.6,1203.0,79.2,Cotton,3.9,2987,111079,55.0,53206
Rajahmundry,Clay,31.6,1057.3,73.6,Maize,4.8,6268,84949,19.5,37277
Vijayawada,Clay,30.5,799.7,68.8,Pulses,6.1,3560,63329,69.8,185159
Vijayawada,Loamy,30.5,1019.6,79.2,Groundnut,3.6,4006,53274,52.0,155038
Vijayawada,Sandy,36.1,955.9,70.1,Cotton,5.0,3990,151485,59.6,86319
Guntur,Black,30.9,845.3,64.8,Maize,6.9,9788,119773,18.1,57389
Rajahmundry,Sandy,29.5,1200.4,66.7,Rice,8.4,18634,223083,19.7,144006
Guntur,Sandy,31.3,862.9,58.0,Maize,8.3,11482,141103,19.6,83944
Guntur,Loamy,33.9,1027.2,68.6,Rice,3.2,6813,77901,22.5,75391
Vijayawada,Loamy,28.6,1021.3,68.8,Cotton,4.7,3619,146012,61.3,75832
Kurnool,Clay,32.3,815.9,49.6,Cotton,5.4,4586,166804,59.1,104228
Guntur,Clay,32.7,774.9,69.6,Rice,9.0,17667,219119,23.2,190755
Bhimavaram,Black,26.6,959.2,67.2,Maize,2.6,4136,43803,19.6,37262
Kurnool,Black,28.8,869.6,56.1,Rice,6.0,11884,145913,22.4,120288
Bhimavaram,Black,27.9,1210.3,75.6,Maize,8.2,12485,144916,17.9,78565
Kurnool,Sandy,33.6,529.0,48.3,Cotton,6.5,5586,196665,59.4,135143
Kurnool,Black,33.0,734.8,52.3,Pulses,5.0,2767,60587,66.6,123695
Guntur,Black,32.8,729.7,70.1,Cotton,3.3,3594,100267,62.9,125795
Guntur,Sandy,35.3,1001.4,55.8,Pulses,5.4,2825,62775,70.1,135257
Guntur,Sandy,33.0,827.4,65.9,Cotton,1.7,1257,49440,55.8,20700
Rajahmundry,Clay,28.2,914.8,75.1,Groundnut,4.0,4421,57151,62.2,217835
Kurnool,Loamy,34.0,718.5,50.7,Maize,2.4,3852,41956,18.1,27765
Vijayawada,Clay,36.1,940.4,75.7,Maize,1.6,2231,28749,19.6,14978
Vijayawada,Sandy,29.7,1131.2,73.5,Pulses,5.2,2945,64373,73.4,151790
Bhimavaram,Clay,29.2,943.0,71.4,Cotton,4.5,3511,134497,61.9,82833
Kurnool,Loamy,33.4,566.5,56.9,Pulses,4.4,2801,54277,73.8,152436
Bhimavaram,Sandy,29.7,1145.9,74.6,Groundnut,7.8,7805,119513,55.6,314445
Vijayawada,Clay,31.5,822.3,64.6,Cotton,3.0,2653,89822,62.0,74664
Vijayawada,Black,31.1,953.0,74.7,Rice,4.5,8536,113040,21.5,70484
Vijayawada,Clay,30.1,919.1,71.1,Cotton,9.3,7084,296517,57.3,109396
Kurnool,Loamy,32.6,656.0,62.2,Cotton,6.3,5139,198750,55.5,86464
Bhimavaram,Loamy,28.5,1189.0,75.4,Cotton,2.2,1948,64292,64.2,60769
Vijayawada,Clay,35.6,913.7,67.8,Rice,3.3,7559,89015,21.4,72747
Rajahmundry,Clay,29.2,1021.8,73.3,Cotton,3.9,2833,111125,57.7,52339
Vijayawada,Sandy,30.9,973.4,77.8,Cotton,3.3,2376,103872,59.4,37262
Bhimavaram,Black,27.9,1167.5,69.4,Rice,7.7,15989,194102,22.5,165650
Bhimavaram,Sandy,28.6,1345.5,71.8,Maize,6.9,9800,120330,17.5,51170
Bhimavaram,Loamy,26.7,1218.9,82.1,Maize,2.8,3960,48302,18.4,24562
Bhimavaram,Clay,26.9,1163.3,76.0,Maize,2.1,2673,40724,19.6,11666
Bhimavaram,Clay,26.8,1061.2,76.4,Cotton,7.3,6035,226211,66.0,172099
Rajahmundry,Clay,29.6,970.2,73.1,Pulses,6.5,3615,77870,76.3,197954
Bhimavaram,Clay,27.0,1122.4,74.9,Groundnut,2.0,2238,33790,53.5,85943
Bhimavaram,Sandy,27.0,1204.4,78.4,Pulses,7.1,5047,87687,68.7,259041
Vijayawada,Black,32.2,1060.9,74.1,Maize,1.7,2679,32232,19.1,18936
Guntur,Loamy,34.8,964.9,64.2,Groundnut,8.7,8828,138372,52.8,327746
Kurnool,Loamy,33.7,660.7,55.1,Pulses,8.0,5414,96917,70.2,283145
Rajahmundry,Black,27.3,1124.6,83.2,Groundnut,1.6,1946,23630,55.6,84567
Rajahmundry,Loamy,30.5,1207.7,79.5,Cotton,8.4,6908,259659,60.6,158965
Bhimavaram,Black,27.1,1119.4,80.4,Groundnut,6.7,6012,101168,53.1,218069
Vijayawada,Clay,33.4,797.7,67.2,Cotton,2.6,2158,84105,59.8,44943
Kurnool,Sandy,31.9,888.1,47.8,Pulses,8.3,3885,101791,68.2,163166
Kurnool,Black,31.0,770.8,56.2,Cotton,4.9,4809,137589,62.6,163454
Kurnool,Sandy,34.3,690.1,64.2,Groundnut,8.7,9323,120545,53.1,374506
Bhimavaram,Sandy,27.9,1124.3,73.8,Cotton,3.2,2650,89992,64.3,80403
Vijayawada,Black,30.8,1061.7,71.7,Groundnut,1.3,1359,20055,56.2,56320
Rajahmundry,Clay,31.3,1182.9,81.0,Cotton,2.9,2484,86609,64.3,73112
Rajahmundry,Sandy,28.6,1230.1,79.8,Groundnut,8.9,9152,134355,53.1,351616
Rajahmundry,Loamy,31.7,984.7,77.8,Pulses,9.5,4623,111421,61.5,172893
Bhimavaram,Clay,24.8,1176.0,78.9,Cotton,5.4,4504,154167,59.9,115622
Guntur,Black,32.0,784.2,72.5,Cotton,5.0,5656,148342,60.1,191583
Bhimavaram,Loamy,28.4,895.8,73.8,Groundnut,3.0,2795,42746,54.2,108743
Guntur,Sandy,35.6,964.1,62.1,Pulses,4.3,2728,55210,73.2,144479
Kurnool,Sandy,33.1,635.3,58.5,Cotton,10.0,8315,313427,61.9,201271
Kurnool,Sandy,35.1,646.5,61.6,Groundnut,7.3,8933,120862,53.1,353480
Rajahmundry,Sandy,33.5,1069.8,76.7,Groundnut,3.1,3540,45755,56.2,153193
Guntur,Sandy,33.0,842.6,64.9,Rice,7.7,18699,209127,22.5,211600
Guntur,Clay,32.1,912.0,68.1,Maize,7.6,10234,135039,16.5,33822
Rajahmundry,Sandy,30.8,1114.7,77.6,Rice,8.5,19676,199476,20.4,201914
Rajahmundry,Clay,30.4,1154.7,88.4,Groundnut,2.6,2481,41103,54.9,95103
Bhimavaram,Clay,27.7,1188.4,78.3,Groundnut,1.4,1179,22550,58.8,46775
Bhimavaram,Sandy,26.7,1139.6,77.5,Maize,6.7,10312,117281,17.4,62147
Vijayawada,Loamy,30.9,1067.3,72.7,Rice,6.2,14329,160980,18.9,109838
Vijayawada,Black,33.3,776.0,68.2,Cotton,4.1,3787,115037,63.5,125437
Bhimavaram,Sandy,27.1,1134.7,74.8,Cotton,2.0,1676,60230,56.2,33961
Bhimavaram,Black,30.0,1050.6,67.2,Cotton,1.7,1692,54826,62.6,51093
Bhimavaram,Clay,27.3,1065.1,73.4,Maize,8.3,15036,152253,18.4,124409
Rajahmundry,Loamy,32.1,1073.9,78.7,Maize,2.1,3088,37664,18.0,17920
Vijayawada,Clay,32.5,955.2,73.7,Pulses,4.4,2619,53007,63.0,111990
Vijayawada,Sandy,32.8,984.6,75.0,Pulses,9.9,4220,131204,69.5,162086
Rajahmundry,Loamy,32.2,946.0,83.1,Pulses,9.6,5153,111607,76.7,283628
Bhimavaram,Clay,27.6,1121.7,79.4,Maize,3.4,5353,61660,18.3,36299
Bhimavaram,Clay,32.8,1094.2,76.0,Maize,2.6,4310,49386,19.1,32935
Bhimavaram,Clay,29.3,985.7,83.2,Rice,4.7,8322,119277,21.2,57149
Kurnool,Black,32.9,732.9,56.6,Groundnut,1.3,1355,21073,56.2,55078
Rajahmundry,Sandy,29.5,1146.4,85.9,Cotton,1.6,1123,49433,62.1,20305
Guntur,Sandy,31.4,1037.6,64.2,Pulses,7.0,4253,83273,70.1,214862
Guntur,Black,29.8,756.0,73.0,Rice,5.9,10801,140188,19.6,71511
Guntur,Sandy,30.7,767.7,73.2,Maize,1.6,2642,27809,20.0,25031
Guntur,Sandy,34.0,867.5,52.5,Pulses,7.7,5678,85980,64.2,278547
Kurnool,Sandy,35.0,944.0,61.9,Cotton,2.1,1775,64873,62.6,46242
Rajahmundry,Black,31.5,1078.1,80.5,Groundnut,5.5,5466,79389,54.2,216868
Vijayawada,Black,27.6,940.2,65.1,Rice,6.4,11387,161439,23.5,106155
Vijayawada,Sandy,32.8,792.9,65.1,Pulses,3.3,2166,37654,69.2,112233
Bhimavaram,Clay,29.1,1003.2,75.5,Pulses,6.3,3276,73326,71.1,159597
Bhimavaram,Sandy,24.8,1144.0,74.9,Pulses,1.4,886,16988,74.8,49284
Guntur,Black,32.3,857.1,65.6,Pulses,6.9,4365,83002,70.1,222984
Rajahmundry,Clay,28.6,983.7,73.0,Pulses,4.9,3454,55143,67.6,178347
Vijayawada,Loamy,29.6,1039.5,68.5,Cotton,4.1,3689,118858,60.8,105433
Rajahmundry,Sandy,28.3,1264.5,74.1,Rice,8.7,17939,224392,22.5,179235
Rajahmundry,Black,29.6,1037.0,80.2,Cotton,3.6,3689,113204,66.6,132483
Vijayawada,Loamy,29.9,813.0,69.6,Cotton,1.8,1811,51830,64.9,65703
Rajahmundry,Sandy,33.4,994.6,82.8,Rice,9.7,22559,237903,21.8,253883
Vijayawada,Loamy,29.8,848.5,66.8,Pulses,5.2,2738,62506,67.3,121761
Bhimavaram,Clay,28.5,944.4,76.7,Pulses,4.3,2795,46456,71.3,152827
Vijayawada,Black,33.5,829.0,78.4,Rice,2.8,5835,67532,21.9,60254
Kurnool,Clay,34.1,707.6,57.7,Groundnut,4.9,4449,74122,51.1,153221
Vijayawada,Loamy,30.8,859.6,66.3,Rice,9.8,22023,258368,22.7,241554
Kurnool,Clay,30.8,668.4,61.1,Maize,3.8,5781,76332,18.4,30038
Bhimavaram,Black,28.4,1069.1,75.7,Rice,3.0,5909,77655,23.1,58842
Bhimavaram,Black,26.4,966.9,65.8,Rice,6.8,14291,160621,19.6,119482
Guntur,Black,32.8,1149.3,65.0,Groundnut,5.6,6070,84343,54.7,247686
Rajahmundry,Black,31.8,1021.0,81.3,Cotton,9.8,10520,284179,63.0,378581
Guntur,Black,31.7,824.4,67.7,Pulses,2.3,1256,27638,70.0,60282
Guntur,Clay,34.2,947.5,64.9,Rice,3.5,7572,93582,22.6,77545
Vijayawada,Sandy,31.0,818.8,64.7,Pulses,3.4,1978,39556,69.3,97519
Bhimavaram,Sandy,28.1,1153.0,74.6,Groundnut,8.5,10696,127911,49.6,402610
Kurnool,Black,31.1,685.6,49.0,Maize,5.0,7950,96888,19.1,54957
Vijayawada,Sandy,30.6,1099.1,70.7,Groundnut,6.0,6957,87239,54.2,289830
Kurnool,Black,32.2,717.0,55.8,Cotton,9.4,9779,288160,63.6,333784
Guntur,Clay,33.9,751.5,52.2,Pulses,4.4,2887,49191,69.2,150589
Vijayawada,Loamy,28.7,769.8,72.7,Groundnut,7.7,8285,112170,47.9,284681
Vijayawada,Black,29.9,989.2,62.6,Maize,5.5,8401,98924,18.5,56494
Bhimavaram,Clay,28.2,1002.7,81.0,Pulses,9.7,5728,116241,66.7,265816
Rajahmundry,Loamy,29.1,961.5,79.1,Cotton,1.9,1780,53090,55.2,45166
Vijayawada,Loamy,33.9,929.1,66.7,Maize,4.7,7783,82038,19.6,70508
Guntur,Loamy,33.4,851.2,75.8,Cotton,8.0,6012,248905,60.9,117225
Rajahmundry,Sandy,32.6,1206.2,80.2,Pulses,7.2,3995,88387,67.6,181675
Bhimavaram,Sandy,32.0,1113.7,73.2,Pulses,4.4,2689,49243,66.6,129844
Rajahmundry,Black,32.4,984.3,74.8,Pulses,1.3,822,16524,72.5,43071
Bhimavaram,Clay,30.0,1024.3,67.9,Groundnut,10.0,11501,147579,54.3,476925
Bhimavaram,Black,30.7,1155.6,77.3,Rice,7.8,18977,188725,23.0,247746
Bhimavaram,Black,28.1,1126.9,82.6,Maize,7.2,11348,133088,19.0,82524
Bhimavaram,Loamy,27.3,1016.1,69.8,Groundnut,8.2,6588,135645,52.0,206931
Rajahmundry,Sandy,29.6,1022.3,81.5,Groundnut,4.9,6360,76662,53.4,262962
Guntur,Black,31.7,928.3,63.8,Pulses,7.1,4945,87291,72.6,271716
Guntur,Clay,33.3,1017.3,65.9,Maize,1.7,2219,31211,17.4,7399
Vijayawada,Clay,29.9,1008.6,76.2,Cotton,9.2,7376,280261,65.1,199916
Guntur,Clay,32.5,1160.2,67.8,Cotton,6.7,4416,208571,61.1,61246
Vijayawada,Sandy,33.6,1017.3,69.3,Rice,9.1,15972,225122,21.1,111887
Vijayawada,Sandy,29.8,1008.9,78.3,Pulses,2.4,1497,27077,71.6,80108
Vijayawada,Sandy,33.4,889.0,69.3,Pulses,3.7,2223,42657,72.3,118065
Vijayawada,Sandy,30.8,992.0,65.6,Cotton,8.6,6579,267318,58.9,120185
Guntur,Black,35.5,860.0,66.1,Cotton,2.0,2274,55744,54.7,68643
Vijayawada,Sandy,27.9,1076.3,67.2,Pulses,3.7,2788,43147,70.6,153685
Rajahmundry,Loamy,33.1,1250.6,90.3,Cotton,3.5,3138,110376,61.8,83552
Kurnool,Loamy,34.6,644.9,50.9,Pulses,7.7,4618,91613,68.4,224258
Rajahmundry,Clay,31.4,1145.5,80.4,Pulses,8.2,5647,92782,69.3,298555
Guntur,Clay,30.6,713.3,64.6,Pulses,3.3,1956,42596,72.2,98627
Guntur,Loamy,30.0,1085.4,71.1,Rice,3.8,9651,93924,20.9,107781
Vijayawada,Loamy,30.3,1058.9,79.4,Pulses,4.3,2978,50338,66.1,146507
Guntur,Loamy,32.3,723.2,66.6,Groundnut,3.9,3842,57136,50.6,137269
Vijayawada,Clay,32.0,896.7,64.2,Maize,2.2,2352,39545,19.6,6554
Kurnool,Sandy,36.3,654.3,52.0,Pulses,5.5,3455,62705,71.1,182945
Rajahmundry,Clay,31.5,1172.7,79.5,Groundnut,9.2,9013,131941,52.7,343044
Vijayawada,Sandy,30.5,986.7,74.6,Groundnut,8.2,9050,132180,54.3,359235
Vijayawada,Loamy,31.0,875.3,57.9,Maize,7.8,12734,145572,17.7,79819
Guntur,Black,32.1,951.6,57.2,Pulses,4.3,2444,53649,65.6,106677
Vijayawada,Loamy,31.6,814.3,72.3,Groundnut,5.8,5779,79974,58.2,256363
Vijayawada,Sandy,29.5,869.0,71.0,Groundnut,6.3,8428,89700,55.2,375525
Rajahmundry,Loamy,30.9,1119.3,80.9,Maize,5.2,7514,89726,18.1,46277
Kurnool,Sandy,30.9,407.9,57.2,Pulses,3.0,1963,31746,66.5,98793
Bhimavaram,Black,29.2,1305.7,75.1,Groundnut,6.8,6305,101067,58.8,269667
Bhimavaram,Clay,26.7,1020.1,72.6,Rice,9.5,20626,238956,23.8,251942
Rajahmundry,Black,30.6,1024.8,78.5,Rice,1.9,3206,49597,21.9,20614
Kurnool,Clay,32.6,1019.3,56.5,Cotton,5.1,3773,149738,63.4,89470
Kurnool,Black,33.2,556.2,59.6,Pulses,7.7,4311,101054,73.8,217097
Guntur,Black,31.1,1028.1,65.3,Rice,8.5,18450,217650,21.1,171645
Kurnool,Black,31.7,803.0,53.3,Groundnut,1.3,1248,18568,56.2,51569
Rajahmundry,Clay,34.1,943.2,80.1,Cotton,5.0,4565,149402,61.4,130889
Guntur,Sandy,29.9,942.8,64.1,Rice,9.8,21532,259545,24.8,274448
Rajahmundry,Sandy,31.2,1082.6,81.0,Rice,4.6,8875,116946,21.7,75641
Guntur,Loamy,32.3,1031.8,60.0,Cotton,1.8,1604,57556,59.6,38042
Guntur,Loamy,27.8,839.2,71.5,Rice,8.1,16163,192382,21.4,153506
Guntur,Clay,33.7,954.7,63.8,Pulses,2.8,1618,32941,66.8,75141
Kurnool,Clay,36.2,667.8,61.1,Pulses,2.9,2005,36537,68.5,100805
Guntur,Sandy,32.8,897.6,60.5,Maize,8.1,12544,137204,19.1,102386
Kurnool,Loamy,32.1,720.1,56.4,Groundnut,8.7,8475,134328,53.7,320779
Guntur,Clay,33.7,765.4,65.6,Pulses,3.3,2364,37619,67.6,122187
Guntur,Loamy,33.0,918.0,66.8,Rice,2.2,4615,56745,23.2,50323
Rajahmundry,Clay,30.8,1025.9,83.4,Pulses,3.9,2785,46489,66.6,138991
Guntur,Sandy,34.2,888.0,54.1,Rice,2.1,4556,51094,21.9,48682
Vijayawada,Loamy,31.7,969.0,73.5,Rice,5.3,10138,135899,21.7,84095
Rajahmundry,Loamy,31.5,1111.5,75.3,Cotton,5.5,4878,160578,62.4,143809
Kurnool,Loamy,33.7,883.8,53.9,Pulses,3.7,2142,44356,68.9,103227
Bhimavaram,Loamy,29.6,938.4,69.7,Cotton,8.6,6145,270258,65.1,129781
Vijayawada,Loamy,30.8,933.1,70.4,Cotton,7.4,6608,211706,60.7,189399
Vijayawada,Loamy,33.0,1000.1,70.9,Rice,3.9,10297,84321,22.7,149420
Guntur,Loamy,30.7,716.9,67.6,Maize,3.5,5971,62567,18.9,50284
Kurnool,Sandy,36.2,831.5,63.2,Cotton,10.0,8594,301131,55.2,173257
Kurnool,Sandy,32.5,615.7,65.9,Cotton,5.5,4323,166016,61.7,100713
Vijayawada,Loamy,31.1,1119.5,66.9,Rice,8.7,21286,209425,20.5,226938
Kurnool,Clay,31.8,696.3,52.9,Cotton,5.1,3797,142241,59.8,84819
Guntur,Black,29.0,976.0,65.4,Groundnut,8.4,7176,124051,52.9,255559
Vijayawada,Black,31.6,1084.0,60.6,Rice,3.8,7687,94239,22.7,80255
Rajahmundry,Sandy,30.4,974.8,78.4,Groundnut,9.6,10603,151747,55.1,432478
Vijayawada,Loamy,34.8,943.9,66.5,Rice,8.5,14427,193341,20.3,99527
Bhimavaram,Black,28.5,1150.9,67.1,Rice,7.7,16778,187850,22.2,184621
Rajahmundry,Clay,33.2,1139.7,78.7,Pulses,1.5,820,16063,67.5,39287
Kurnool,Sandy,32.6,601.3,54.3,Rice,4.7,9472,116178,21.3,85575
Vijayawada,Loamy,31.3,994.2,64.5,Groundnut,6.4,7303,95526,55.1,306869
Rajahmundry,Loamy,31.4,1073.3,84.8,Pulses,5.6,3456,65142,71.3,181270
Guntur,Black,29.7,910.9,64.8,Maize,8.6,12632,153805,16.3,52096
Rajahmundry,Sandy,28.9,1059.3,80.8,Rice,7.9,14176,209998,21.0,87698
Kurnool,Clay,34.9,742.7,51.8,Cotton,8.6,8101,242602,62.8,266140
Kurnool,Loamy,35.0,632.9,62.0,Pulses,9.4,5499,114428,70.9,275451
Rajahmundry,Loamy,29.7,1131.1,84.0,Maize,3.5,4332,67108,16.5,4370
Rajahmundry,Sandy,32.1,1162.7,74.5,Groundnut,1.1,1266,15587,54.4,53283
Guntur,Black,31.4,978.0,71.6,Rice,2.3,5242,55883,21.8,58392
Bhimavaram,Loamy,24.6,1019.4,79.8,Pulses,2.9,2021,32652,67.9,104573
Vijayawada,Black,30.9,978.0,66.0,Groundnut,2.4,2502,35147,55.0,102463
Rajahmundry,Sandy,31.1,1050.6,77.8,Pulses,6.4,3798,76460,68.7,184462
Bhimavaram,Clay,27.5,1259.9,77.8,Maize,7.8,11354,145292,17.7,55673
Bhimavaram,Loamy,30.3,1137.0,74.5,Groundnut,5.0,5224,69109,51.9,202016
Vijayawada,Black,28.6,964.3,78.7,Pulses,5.0,3669,61914,71.8,201520
Rajahmundry,Clay,26.4,995.7,76.1,Pulses,2.0,1125,23798,68.3,53039
Vijayawada,Loamy,27.0,1024.8,64.6,Groundnut,7.1,7270,117544,52.5,264131
Kurnool,Black,27.9,671.4,60.5,Pulses,7.0,5023,78835,71.7,281314
Bhimavaram,Clay,27.1,1089.4,88.2,Cotton,9.9,6730,300768,61.4,112454
Bhimavaram,Loamy,30.2,1109.8,76.5,Maize,3.7,5333,67496,17.7,26898
Guntur,Clay,33.2,863.0,66.9,Groundnut,3.6,3589,57040,54.9,139996
Bhimavaram,Loamy,24.5,1226.2,70.5,Cotton,7.7,5757,224120,64.1,144903
Guntur,Clay,27.7,1213.8,70.3,Cotton,5.8,4744,173522,60.9,115387
Guntur,Sandy,33.0,964.5,67.8,Rice,4.6,9282,113865,21.8,88482
Bhimavaram,Black,27.6,1213.4,78.0,Rice,5.1,7201,131681,22.2,28181
Bhimavaram,Sandy,28.0,1061.1,80.6,Pulses,4.9,3219,56527,71.4,173309
Vijayawada,Black,29.1,812.0,66.9,Groundnut,2.0,2172,31429,56.4,91071
Bhimavaram,Sandy,29.5,1151.6,71.8,Maize,8.2,12831,153507,18.7,86432
Kurnool,Black,35.4,770.8,56.8,Groundnut,1.8,1993,26964,52.6,77867
Bhimavaram,Clay,27.7,1025.5,71.6,Cotton,6.3,4967,181511,59.1,112038
Kurnool,Loamy,29.2,721.3,55.0,Cotton,8.8,6465,272702,62.8,133300
Rajahmundry,Clay,26.8,973.7,76.2,Groundnut,8.0,7248,124976,54.5,270040
Bhimavaram,Loamy,27.5,899.6,78.2,Pulses,5.6,2944,67401,71.0,141623
Rajahmundry,Sandy,32.7,919.1,64.9,Maize,3.1,4735,60823,19.1,29615
Guntur,Sandy,32.4,850.8,69.0,Maize,2.6,3520,47914,18.5,17206
Guntur,Loamy,34.1,1176.0,67.0,Maize,9.6,13667,172579,16.4,51559
Vijayawada,Black,29.6,909.1,67.4,Pulses,7.8,4751,89751,73.9,261347
Vijayawada,Sandy,31.0,949.1,68.4,Groundnut,2.4,2925,37485,52.6,116370
Bhimavaram,Black,26.7,1069.6,68.3,Cotton,6.7,6397,196213,62.6,204239
Rajahmundry,Loamy,30.5,1069.4,84.3,Groundnut,5.6,5523,85639,54.7,216469
Rajahmundry,Black,30.5,991.7,67.8,Cotton,1.3,1334,41774,62.8,42001
Rajahmundry,Sandy,31.9,1173.6,80.4,Rice,6.8,13868,164749,21.7,136186
Bhimavaram,Black,29.2,1220.4,74.3,Cotton,6.2,6158,186004,61.8,194560
Bhimavaram,Black,25.1,870.4,72.2,Pulses,6.9,3635,80696,69.5,171936
Rajahmundry,Black,29.1,1195.2,81.6,Pulses,2.4,1483,29695,66.0,68183
Bhimavaram,Black,30.1,1092.4,78.4,Rice,8.3,14821,191379,22.9,148021
Rajahmundry,Loamy,30.8,959.8,75.7,Pulses,6.8,4539,76747,75.7,266855
Bhimavaram,Clay,26.2,1163.8,73.4,Cotton,9.9,8398,288919,59.5,210762
Kurnool,Clay,33.1,599.8,58.7,Groundnut,4.4,4174,65245,52.3,153055
Rajahmundry,Black,24.9,1030.9,92.1,Cotton,8.0,8973,239768,59.2,291433
Kurnool,Loamy,33.0,754.7,49.1,Groundnut,1.6,1778,24858,57.0,76488
Bhimavaram,Black,28.9,1102.0,78.4,Groundnut,3.3,3495,48623,53.4,138010
Kurnool,Clay,33.2,854.9,48.8,Groundnut,1.7,1451,25710,55.1,54240
Guntur,Sandy,32.3,924.4,63.9,Groundnut,9.7,13374,133853,52.7,570956
Vijayawada,Clay,30.8,785.7,69.1,Pulses,7.4,5178,88892,70.8,277710
Bhimavaram,Sandy,25.5,1038.4,73.1,Pulses,4.4,2556,56183,72.0,127849
Rajahmundry,Clay,27.8,1074.7,82.5,Pulses,1.8,1203,23306,66.4,56573
Vijayawada,Sandy,29.4,824.2,68.8,Rice,4.3,9001,112806,21.9,84315
Guntur,Clay,31.4,915.2,60.8,Groundnut,9.5,11485,131045,55.5,506372
Vijayawada,Clay,35.0,950.7,69.0,Maize,10.0,14464,178376,19.2,99332
Guntur,Loamy,27.6,1053.3,57.9,Groundnut,8.6,8371,126231,56.6,347567
Bhimavaram,Loamy,24.8,1146.2,85.1,Groundnut,8.9,7687,134766,53.2,274182
Kurnool,Clay,33.9,701.9,51.8,Pulses,4.4,2769,57563,69.3,134328
Guntur,Clay,33.4,770.7,60.2,Pulses,8.3,5215,106990,71.2,264318
Guntur,Black,31.4,899.9,58.7,Rice,4.7,9968,122683,21.5,91629
Guntur,Black,31.1,926.6,62.8,Pulses,3.6,2146,47735,69.1,100553
Vijayawada,Clay,30.3,885.2,73.7,Pulses,3.2,1885,37153,74.6,103468
Vijayawada,Clay,33.8,890.0,60.7,Groundnut,7.1,7815,102854,57.2,344164
Kurnool,Black,29.1,789.3,48.9,Cotton,7.9,8816,237169,57.1,266224
Vijayawada,Black,30.2,1018.6,70.5,Maize,8.4,13336,166141,16.6,55236
Kurnool,Clay,36.2,710.4,50.5,Groundnut,1.5,1300,22287,57.5,52463
Vijayawada,Sandy,30.7,1101.1,62.7,Pulses,9.4,5633,105736,71.3,295896
Kurnool,Loamy,34.8,657.9,42.0,Groundnut,1.8,1836,27589,56.1,75410
Guntur,Sandy,34.5,792.9,68.4,Cotton,9.1,8148,248722,61.0,248306
Guntur,Black,31.0,891.8,66.7,Rice,9.5,18074,229475,22.0,168153
Guntur,Black,29.8,791.4,68.4,Groundnut,9.4,8320,145697,56.3,322719
Vijayawada,Loamy,27.5,882.2,76.0,Cotton,5.5,3968,161168,61.4,82467
Guntur,Black,33.6,874.8,62.0,Rice,4.4,10052,119563,23.1,112638
Bhimavaram,Sandy,28.2,1019.2,70.8,Rice,8.6,18099,219497,23.5,205829
Rajahmundry,Clay,31.3,899.7,85.3,Maize,1.3,1755,22950,18.2,8991
Vijayawada,Clay,35.0,1261.0,73.0,Cotton,5.0,3927,154008,62.7,92214
Bhimavaram,Loamy,27.4,1279.5,76.2,Rice,3.3,8314,85246,22.5,101819
Guntur,Black,33.7,838.3,62.2,Rice,8.0,14240,204395,22.9,121701
Guntur,Sandy,32.9,1067.4,65.0,Rice,1.4,2987,33089,21.6,31430
Vijayawada,Black,32.4,1034.9,68.5,Rice,2.0,3971,46205,21.6,39568
Vijayawada,Loamy,32.8,1007.5,72.5,Pulses,6.2,3739,74426,67.7,178704
Guntur,Sandy,33.4,942.1,67.5,Cotton,1.0,758,26769,63.3,21212
Rajahmundry,Clay,29.0,963.7,83.5,Pulses,4.7,2709,59389,72.2,136200
Bhimavaram,Sandy,29.4,963.4,81.1,Rice,9.6,19702,235568,22.2,201816
Kurnool,Loamy,29.4,740.9,49.9,Cotton,8.9,6157,246676,63.3,143062
Bhimavaram,Black,26.7,1253.4,72.3,Groundnut,3.3,2737,46736,58.4,113104
Bhimavaram,Sandy,27.7,1045.2,75.8,Rice,4.1,8611,108226,23.6,94993
Bhimavaram,Sandy,27.3,967.4,72.9,Maize,1.4,2155,23985,17.1,12865
Kurnool,Sandy,33.7,695.1,55.2,Maize,8.5,11783,151237,17.2,51430
Vijayawada,Black,32.8,1053.5,60.8,Maize,8.3,11293,138220,17.4,58278
Bhimavaram,Black,27.8,955.0,70.4,Rice,3.6,6477,90932,22.1,52209
Bhimavaram,Clay,26.6,1117.7,72.3,Rice,3.8,8872,102948,23.5,105544
Rajahmundry,Black,27.4,1133.0,84.1,Pulses,5.3,2815,66203,75.4,146048
Bhimavaram,Clay,25.8,1008.2,80.1,Groundnut,4.2,4314,64737,55.9,176415
Bhimavaram,Sandy,28.8,967.4,80.2,Groundnut,2.1,2815,31138,54.9,123405
Rajahmundry,Black,26.9,1101.4,82.9,Cotton,7.7,7958,243986,59.0,225536
Vijayawada,Sandy,32.1,848.0,69.9,Maize,5.5,8106,100115,17.7,43361
Vijayawada,Sandy,30.7,1032.6,67.8,Pulses,3.4,1712,44369,74.8,83688
Bhimavaram,Black,25.4,1169.0,72.5,Rice,4.9,10058,124302,21.7,93956
Guntur,Sandy,30.4,830.9,60.4,Groundnut,1.9,2090,28404,53.0,82366
Rajahmundry,Sandy,31.4,1198.7,77.1,Groundnut,5.0,6144,76873,56.3,269034
Vijayawada,Clay,31.2,1024.3,72.4,Cotton,4.2,2944,131475,62.7,53113
Bhimavaram,Sandy,26.5,1103.8,78.4,Pulses,10.0,5874,126437,78.3,333497
Rajahmundry,Loamy,28.4,911.9,81.5,Rice,7.0,15010,172979,23.6,181257
Vijayawada,Sandy,28.3,1019.3,67.0,Pulses,8.2,5766,108203,67.3,279848
Guntur,Loamy,30.9,986.0,63.1,Maize,8.6,12841,154996,16.3,54312
Vijayawada,Loamy,31.0,881.0,67.5,Maize,1.6,2746,26990,18.7,24360
Rajahmundry,Sandy,29.4,1022.0,84.0,Cotton,9.5,7858,293131,62.9,201137
Bhimavaram,Clay,27.3,1038.8,69.6,Cotton,9.5,6973,327024,63.7,117156
Rajahmundry,Black,27.3,917.8,82.4,Rice,6.2,13079,159253,21.7,124561
Kurnool,Sandy,32.7,732.8,55.4,Cotton,3.8,2365,112690,57.4,23061
Rajahmundry,Clay,30.4,1348.5,81.8,Rice,1.2,2790,31382,22.5,31393
Guntur,Black,32.8,960.7,75.3,Pulses,4.5,2395,55278,66.8,104708
Kurnool,Loamy,34.1,608.1,52.9,Groundnut,8.0,7764,125854,57.5,320576
Vijayawada,Clay,28.5,955.5,66.5,Pulses,3.6,1888,42731,68.9,87352
Vijayawada,Clay,35.9,993.3,63.1,Rice,2.2,4151,57808,24.3,43061
Bhimavaram,Black,24.8,912.0,84.4,Maize,9.1,14182,156688,18.5,105679
Vijayawada,Loamy,25.7,950.3,71.6,Groundnut,7.0,7647,99677,55.2,322437
Bhimavaram,Sandy,26.1,1125.5,70.5,Groundnut,8.7,10014,124002,56.8,444793
Guntur,Sandy,33.7,876.5,65.2,Pulses,3.0,1539,35460,69.8,71962
Guntur,Clay,37.2,788.8,72.3,Maize,8.1,13361,147845,19.6,114030
Bhimavaram,Sandy,28.7,1138.9,74.7,Pulses,6.2,4175,78478,67.8,204587
Vijayawada,Clay,28.4,929.7,66.0,Pulses,9.0,5366,114682,68.4,252352
Bhimavaram,Sandy,27.9,1105.8,79.2,Cotton,10.0,6202,290899,60.6,84942
Vijayawada,Black,33.4,900.8,60.6,Cotton,8.4,9277,243994,56.4,279228
Bhimavaram,Clay,26.8,1081.5,72.0,Groundnut,6.8,5300,106575,58.5,203475
Vijayawada,Black,32.3,836.2,69.0,Pulses,4.1,2458,50673,72.3,127040
Kurnool,Clay,31.5,708.2,57.3,Maize,4.9,8420,91306,18.7,66148
Bhimavaram,Loamy,28.2,1241.0,77.0,Pulses,2.4,1316,30820,72.4,64458
Guntur,Clay,31.1,852.1,66.5,Groundnut,9.4,9835,142390,55.9,407386
Guntur,Sandy,35.4,1007.2,66.0,Pulses,9.1,5974,103562,71.4,322981
Bhimavaram,Sandy,31.6,1078.2,70.8,Maize,6.7,9395,114029,17.3,48504
Kurnool,Sandy,32.3,559.4,55.1,Maize,6.6,10793,113407,19.4,95977
Kurnool,Loamy,34.0,803.1,51.7,Pulses,6.8,4429,77144,73.1,246615
Kurnool,Clay,33.3,755.3,49.1,Maize,6.9,9424,127908,17.1,33242
Kurnool,Sandy,33.9,563.3,59.2,Pulses,1.4,736,17263,72.2,35876
Bhimavaram,Loamy,26.6,1158.2,76.3,Rice,9.5,21571,225523,19.8,201582
Kurnool,Sandy,33.7,543.5,55.5,Maize,7.9,11538,147028,17.7,57194
Vijayawada,Loamy,30.3,1023.2,71.7,Cotton,9.0,7428,276335,55.4,135176
Kurnool,Sandy,34.5,761.2,49.9,Groundnut,5.3,6205,79343,54.6,259450
Vijayawada,Sandy,31.7,1093.1,75.4,Cotton,1.7,1182,52586,64.0,23062
Bhimavaram,Clay,28.8,1209.1,85.1,Cotton,4.7,4145,142757,63.1,118792
Vijayawada,Clay,31.3,952.4,68.2,Groundnut,6.5,7516,93510,59.2,351437
Rajahmundry,Sandy,31.0,910.1,81.8,Groundnut,9.8,9290,151597,57.4,381649
Guntur,Sandy,30.8,912.4,74.8,Pulses,6.1,3475,69324,75.2,191996
Rajahmundry,Clay,33.9,1050.4,85.1,Cotton,2.1,1905,60661,58.5,50781
Vijayawada,Clay,33.5,1118.5,72.8,Maize,1.9,2599,37597,17.5,7885
Rajahmundry,Black,29.3,1084.2,87.8,Pulses,4.8,3126,58794,71.6,165027
Guntur,Sandy,32.1,955.8,52.4,Pulses,7.5,4367,91085,66.0,197137
Guntur,Clay,32.8,879.6,73.8,Cotton,10.0,9258,293012,59.5,257839
Vijayawada,Black,30.9,904.8,71.0,Groundnut,5.5,5083,77836,56.7,210370
Bhimavaram,Black,29.3,1019.6,79.5,Pulses,5.1,2867,61974,72.9,147030
Guntur,Clay,31.9,945.5,62.4,Pulses,4.2,2470,49881,67.4,116597
Bhimavaram,Sandy,27.6,945.1,72.5,Cotton,6.4,4974,189540,59.3,105418
Vijayawada,Sandy,30.9,997.9,74.4,Pulses,1.1,617,12405,66.4,28563
Bhimavaram,Black,27.0,1064.8,71.2,Maize,8.9,11620,156546,18.2,54938
Rajahmundry,Black,31.2,994.3,77.9,Groundnut,1.4,1270,20966,52.7,45963
Bhimavaram,Clay,29.1,921.4,73.2,Groundnut,6.0,6181,90827,62.4,294867
Bhimavaram,Black,28.7,999.6,74.5,Pulses,5.1,2516,60953,67.1,107870
Kurnool,Sandy,34.8,645.0,54.4,Pulses,7.1,3989,92607,68.9,182235
Bhimavaram,Clay,31.7,1181.4,77.4,Rice,4.5,11198,114715,19.9,108125
Rajahmundry,Sandy,29.4,1134.5,79.8,Maize,2.8,3610,50267,19.5,20128
Kurnool,Black,35.5,693.8,59.8,Pulses,1.4,809,15368,66.8,38673
Bhimavaram,Clay,31.1,1072.6,73.8,Groundnut,8.2,7954,134710,59.5,338553
Kurnool,Black,37.4,684.1,56.5,Maize,6.5,8271,125640,16.9,14139
Kurnool,Clay,33.4,590.3,52.1,Groundnut,9.4,8613,136714,53.5,324081
Rajahmundry,Clay,28.9,1133.3,74.5,Cotton,9.9,8095,315086,58.5,158471
Rajahmundry,Sandy,28.6,1026.9,85.9,Pulses,8.5,5199,99290,71.7,273478
Kurnool,Black,30.8,768.1,57.0,Pulses,3.7,2152,42538,66.9,101430
Bhimavaram,Sandy,29.1,1222.9,71.8,Groundnut,7.1,8911,95386,53.4,380461
Vijayawada,Sandy,30.9,859.0,65.3,Rice,6.4,11945,162337,21.8,98064
Rajahmundry,Clay,25.5,837.9,77.0,Rice,6.3,13177,135863,21.5,147442
Guntur,Black,30.9,1038.8,63.1,Maize,8.4,13083,152267,16.1,58369
Guntur,Loamy,33.5,921.5,67.5,Pulses,9.5,7938,102120,76.0,501168
Bhimavaram,Clay,27.4,1128.7,74.8,Rice,5.0,11491,121438,22.4,135960
Vijayawada,Clay,28.0,1025.1,67.9,Cotton,7.2,5109,211139,63.8,114815
Vijayawada,Black,29.9,985.8,66.3,Rice,7.4,15922,191340,24.0,190788
Kurnool,Clay,32.6,766.9,55.5,Pulses,3.9,2643,45117,72.6,146764
Vijayawada,Black,30.6,943.6,70.5,Groundnut,9.6,9842,143163,55.6,404052
Vijayawada,Sandy,34.2,1048.5,74.3,Pulses,4.2,2405,48159,73.3,128127
Rajahmundry,Black,31.8,1197.3,77.0,Maize,9.6,14069,158634,17.6,88980
Rajahmundry,Sandy,32.0,1003.4,83.2,Maize,9.5,13979,173770,17.0,63873
Rajahmundry,Sandy,30.2,750.9,79.1,Maize,7.2,9039,137414,18.7,31615
Vijayawada,Sandy,31.9,1102.1,65.3,Cotton,4.1,3853,128732,59.3,99750
Rajahmundry,Sandy,32.3,939.4,75.9,Rice,6.2,11645,150900,20.8,91316
Kurnool,Black,35.4,674.1,56.8,Cotton,8.4,8238,229060,60.8,271810
Guntur,Sandy,28.2,893.1,58.2,Rice,3.6,8631,94101,22.1,96644
Bhimavaram,Sandy,30.5,1015.4,77.7,Cotton,6.9,5630,209732,63.8,149462
Vijayawada,Clay,32.5,978.9,61.7,Maize,8.5,11526,152061,18.1,56559
Rajahmundry,Sandy,27.7,1291.2,87.6,Maize,2.0,3181,36129,17.8,20492
Kurnool,Clay,31.1,707.7,56.3,Maize,1.5,1971,27451,17.9,7829
Kurnool,Clay,29.2,614.0,52.9,Maize,1.5,2675,27751,16.8,17189
Vijayawada,Sandy,32.0,795.3,75.4,Cotton,1.9,1448,56733,64.0,35939
Guntur,Loamy,29.4,760.3,62.1,Pulses,9.8,6491,108666,60.1,281443
Guntur,Black,31.1,955.2,71.0,Cotton,5.3,5257,155729,63.5,178090
Guntur,Sandy,28.3,861.1,66.0,Groundnut,3.6,4514,52623,55.1,196098
Bhimavaram,Loamy,23.0,1034.2,77.3,Pulses,3.1,1677,37309,71.6,82764
Bhimavaram,Clay,27.3,1117.0,70.2,Cotton,8.9,6973,275146,60.5,146720
Guntur,Loamy,30.8,922.4,68.6,Cotton,8.1,5152,257082,59.0,46886
Guntur,Sandy,32.9,1019.7,58.1,Rice,1.1,2044,27103,21.1,16025
Kurnool,Loamy,36.5,614.3,52.2,Groundnut,3.6,3674,50754,53.9,147274
Kurnool,Black,33.6,666.7,54.5,Maize,8.7,12359,144741,18.3,81428
Vijayawada,Sandy,34.5,951.8,71.1,Maize,8.3,13312,139918,19.5,119666
Rajahmundry,Clay,30.4,1213.2,76.3,Cotton,6.8,6429,211906,61.7,184763
Guntur,Loamy,32.5,875.1,71.0,Groundnut,8.1,8214,109550,51.9,316756
Kurnool,Clay,32.6,731.0,54.7,Maize,6.5,10938,105586,18.1,92391
Vijayawada,Black,27.4,1026.0,69.5,Pulses,4.0,2501,45926,74.5,140398
Vijayawada,Loamy,33.1,1008.4,69.4,Maize,9.8,15552,170165,18.8,122212
Vijayawada,Sandy,34.3,1057.1,66.4,Maize,1.1,1710,18519,18.5,13116
Vijayawada,Clay,31.9,763.0,64.2,Cotton,7.8,6063,230479,56.4,111474
Rajahmundry,Sandy,30.8,1075.1,79.0,Pulses,7.5,4160,94719,75.8,220609
Bhimavaram,Sandy,27.0,1038.8,77.5,Groundnut,7.2,8331,107247,57.0,367620
Bhimavaram,Loamy,24.2,1231.8,75.4,Cotton,3.8,2915,113491,59.9,61117
Vijayawada,Sandy,27.5,1099.5,70.2,Rice,6.7,13994,175469,20.9,117005
Rajahmundry,Sandy,30.9,1023.2,84.2,Pulses,3.0,1417,35821,67.9,60393
Guntur,Black,32.9,947.0,61.5,Maize,5.1,7105,91292,17.2,30914
Kurnool,Sandy,34.7,663.1,40.5,Cotton,7.3,5621,207627,55.1,102090
Vijayawada,Clay,28.5,960.9,76.6,Maize,7.1,10984,123924,18.4,78181
Kurnool,Loamy,32.1,630.5,49.2,Pulses,5.0,2474,58830,70.6,115834
Rajahmundry,Loamy,29.8,1008.4,75.3,Pulses,2.0,1273,22419,72.7,70128
Kurnool,Clay,31.0,624.8,47.7,Pulses,5.8,3306,72994,71.8,164376
Guntur,Sandy,34.0,952.2,59.5,Pulses,5.0,2901,57659,74.7,159045
Guntur,Black,29.6,989.4,69.5,Rice,9.1,21530,222839,22.8,268045
Vijayawada,Loamy,35.6,888.2,62.3,Cotton,2.2,1429,68351,54.4,9386
Vijayawada,Black,30.3,993.7,70.9,Pulses,1.5,938,18200,74.5,51681
Vijayawada,Sandy,29.1,882.3,66.1,Rice,4.6,9964,120177,22.5,104013
Bhimavaram,Clay,30.4,982.2,83.3,Pulses,1.7,1175,21150,76.2,68385
Vijayawada,Sandy,27.7,897.6,66.3,Rice,5.9,12651,139755,22.8,148687
Bhimavaram,Loamy,30.7,1169.5,76.4,Cotton,1.3,937,37348,63.7,22338
Vijayawada,Clay,32.6,946.1,67.9,Maize,7.9,9449,134586,19.7,51559
Vijayawada,Sandy,28.4,968.9,75.0,Cotton,5.0,3498,151385,62.8,68289
Vijayawada,Black,31.0,1236.8,61.7,Rice,7.1,15703,175966,22.8,182062
Kurnool,Clay,33.9,626.7,56.1,Groundnut,2.1,1710,32450,55.8,62968
Kurnool,Black,34.3,805.8,56.8,Pulses,2.1,1279,24089,67.5,62243
Guntur,Loamy,34.4,1043.6,63.8,Rice,9.8,23628,233918,23.3,316614
Vijayawada,Black,32.3,1144.1,65.6,Pulses,4.4,2540,53411,72.3,130231
Guntur,Clay,31.6,812.7,69.4,Cotton,4.1,3517,117364,64.1,108075
Rajahmundry,Clay,32.3,1063.4,80.4,Rice,1.3,3293,31099,22.0,41347
Vijayawada,Loamy,26.7,1037.6,62.2,Maize,2.9,5004,51338,17.8,37733
Bhimavaram,Loamy,26.7,1071.2,82.1,Cotton,6.4,3846,204258,61.0,30348
Bhimavaram,Clay,25.6,992.5,83.4,Rice,4.6,8330,108368,23.3,85721
Guntur,Clay,32.7,806.2,66.1,Rice,2.3,4128,60664,23.2,35105
Rajahmundry,Clay,31.1,1086.2,88.8,Pulses,3.9,2340,44034,71.6,123510
Kurnool,Sandy,37.2,598.5,53.2,Maize,3.7,5781,66420,17.1,32435
Guntur,Clay,34.2,1132.0,66.0,Cotton,3.7,2692,102403,60.8,61270
Bhimavaram,Clay,30.2,1147.5,75.0,Cotton,6.0,4517,170170,62.5,112142
Bhimavaram,Sandy,29.8,945.4,82.9,Cotton,8.1,6852,260005,56.0,123707
Rajahmundry,Black,27.3,1035.1,82.5,Cotton,2.3,2822,71435,59.3,95909
Vijayawada,Clay,28.9,1073.0,65.2,Pulses,5.3,3698,62695,75.6,216873
Guntur,Sandy,33.4,886.3,62.4,Maize,8.3,12026,152599,18.1,65071
Bhimavaram,Black,26.8,1083.4,75.4,Cotton,6.0,4912,184123,57.1,96352
Guntur,Black,29.7,731.3,56.0,Maize,3.3,4279,57294,19.8,27430
Rajahmundry,Loamy,28.9,1067.8,82.0,Cotton,8.6,6970,257000,56.4,136108
Bhimavaram,Clay,30.9,1280.7,66.6,Rice,3.4,7324,83810,20.9,69261
Kurnool,Loamy,34.0,627.2,65.8,Rice,2.7,6043,68217,23.1,71376
Kurnool,Clay,35.2,643.6,50.9,Cotton,2.9,2338,90748,60.4,50467
Rajahmundry,Sandy,26.8,969.7,79.6,Rice,2.9,5756,79650,20.5,38348
Guntur,Loamy,33.0,1048.9,76.4,Cotton,9.2,7062,282781,61.7,152944
Kurnool,Clay,33.4,690.1,57.2,Cotton,9.2,5496,285412,60.4,46546
Kurnool,Sandy,32.6,904.7,51.6,Groundnut,4.4,5067,72572,52.7,194458
Kurnool,Sandy,31.9,685.3,59.2,Groundnut,3.4,4165,47703,53.5,175124
Kurnool,Black,31.8,692.3,57.1,Cotton,1.9,2059,51938,63.2,78190
Vijayawada,Sandy,31.5,1088.5,72.2,Maize,4.3,7160,79205,19.2,58267
Vijayawada,Loamy,32.0,940.2,81.4,Pulses,8.8,5749,108629,65.5,267930
Guntur,Loamy,29.4,929.3,65.7,Groundnut,6.0,5632,90634,59.4,243906
Kurnool,Black,34.4,585.9,54.4,Groundnut,2.4,2207,35302,53.9,83655
Rajahmundry,Clay,29.0,924.5,79.4,Cotton,6.1,4606,156195,66.2,148722
Guntur,Black,34.2,862.4,65.1,Pulses,6.9,3655,89820,76.6,190153
Rajahmundry,Sandy,30.3,1152.4,80.9,Cotton,9.7,6723,285007,60.4,121062
Vijayawada,Black,30.1,928.1,69.5,Maize,7.6,11308,137157,17.0,55079
Rajahmundry,Clay,28.6,921.5,84.9,Maize,7.5,8881,142786,19.2,27729
Vijayawada,Clay,30.4,689.7,68.2,Pulses,9.9,5902,112797,68.2,289719
Bhimavaram,Loamy,31.1,1166.5,70.4,Rice,9.5,19157,233616,21.8,184006
Bhimavaram,Loamy,29.0,1046.5,77.6,Cotton,2.2,2101,68691,59.9,57158
Guntur,Loamy,31.6,864.3,70.9,Maize,1.1,1546,19844,18.0,7984
Kurnool,Black,32.0,562.8,56.6,Groundnut,1.5,1491,23062,53.5,56706
Kurnool,Black,35.4,612.3,63.6,Cotton,1.1,944,33717,61.4,24244
Kurnool,Black,31.4,742.4,61.4,Rice,1.2,1868,30754,19.3,5298
Rajahmundry,Sandy,28.1,1212.9,77.1,Rice,5.5,9709,136139,24.3,99789
Vijayawada,Clay,27.3,844.9,77.5,Rice,9.3,22055,231297,20.6,223036
Kurnool,Clay,37.2,859.4,58.4,Maize,2.7,3721,48480,17.9,18125
Kurnool,Sandy,33.7,845.1,59.4,Groundnut,3.4,3640,54510,55.9,148966
Vijayawada,Loamy,32.4,1096.7,64.4,Groundnut,9.6,9566,140173,50.7,344823
Vijayawada,Clay,31.7,1201.2,60.8,Maize,3.7,5532,68733,18.1,31396
Bhimavaram,Loamy,27.8,970.1,76.2,Rice,4.6,8504,102407,23.3,95736
Vijayawada,Black,32.9,955.2,71.1,Rice,6.7,14840,169378,23.0,171942
Guntur,Loamy,31.4,1031.2,66.6,Cotton,8.6,7014,241616,60.9,185536
Rajahmundry,Loamy,28.3,986.2,75.9,Pulses,9.3,4985,123456,74.7,248923
Guntur,Clay,35.8,777.7,65.4,Pulses,5.3,2769,61387,66.8,123582
Bhimavaram,Loamy,30.5,1060.4,80.3,Groundnut,9.1,9650,152222,50.9,338963
Kurnool,Loamy,35.5,814.6,50.1,Maize,9.4,15520,172043,17.8,104213
Rajahmundry,Loamy,28.4,978.1,90.2,Maize,6.3,9451,117834,17.3,45668
Vijayawada,Loamy,29.4,1058.2,63.3,Groundnut,2.5,2396,37563,55.3,94935
Guntur,Black,31.6,939.6,68.5,Pulses,4.0,2576,45634,69.0,132110
Guntur,Loamy,34.4,989.5,58.1,Pulses,7.7,4782,83260,70.2,252436
Rajahmundry,Loamy,33.8,955.2,75.8,Rice,4.9,10549,113050,21.3,111643
Bhimavaram,Sandy,29.2,1036.6,73.8,Pulses,7.9,5093,96798,70.9,264295
Kurnool,Black,32.3,737.0,54.4,Groundnut,1.3,1360,19015,54.5,55105
Rajahmundry,Black,28.0,1046.5,75.9,Cotton,3.1,2865,94202,60.6,79417
Kurnool,Black,34.6,656.9,57.0,Cotton,2.7,2963,82801,57.5,87571
Kurnool,Black,33.3,736.4,55.0,Rice,7.9,12503,199084,24.4,105989
Rajahmundry,Clay,29.3,977.2,81.9,Rice,1.7,3506,45034,20.6,27189
Guntur,Black,33.5,959.0,64.3,Maize,7.7,11941,145734,18.8,78756
Rajahmundry,Sandy,27.7,1132.0,79.7,Rice,1.8,3626,45164,21.8,33882
Rajahmundry,Black,32.4,1041.6,74.4,Groundnut,7.9,7589,119558,58.4,323639
Bhimavaram,Clay,29.2,1014.9,87.4,Rice,2.7,6652,71804,21.8,73209
Vijayawada,Black,32.1,1033.9,76.1,Rice,1.2,2654,31308,21.7,26283
Rajahmundry,Loamy,28.9,1083.3,84.7,Pulses,6.4,3754,80890,75.1,201035
Rajahmundry,Black,28.2,966.3,79.3,Rice,3.6,7421,87639,23.5,86754
Vijayawada,Loamy,31.8,953.9,62.8,Pulses,9.1,4742,110734,62.5,185641
Guntur,Clay,34.0,884.2,81.2,Cotton,2.5,2462,74319,59.7,72662
Rajahmundry,Sandy,32.0,1220.3,71.8,Groundnut,5.4,5322,78480,56.6,222745
Bhimavaram,Clay,29.0,1207.0,69.0,Cotton,3.5,2151,109504,57.5,14178
Rajahmundry,Black,26.0,1064.5,84.0,Rice,4.3,8495,105039,21.8,80152
Guntur,Black,31.3,765.2,61.4,Pulses,6.6,4166,80473,70.6,213646
Vijayawada,Loamy,29.0,931.8,59.1,Maize,3.7,5649,71358,16.7,22980
Vijayawada,Sandy,29.8,982.9,76.3,Pulses,4.4,2522,50972,63.1,108166
Rajahmundry,Black,30.2,1254.2,81.4,Groundnut,4.9,4889,74683,55.0,194212
Kurnool,Clay,31.4,782.3,56.1,Groundnut,3.9,3907,55647,58.6,173303
Guntur,Black,33.3,844.7,70.0,Groundnut,2.6,2471,37475,52.9,93240
Vijayawada,Sandy,27.5,997.2,60.8,Groundnut,7.6,8000,102169,54.8,336231
Vijayawada,Clay,30.7,917.3,64.8,Groundnut,4.4,3884,67532,53.5,140262
Vijayawada,Sandy,31.6,861.5,70.9,Rice,9.4,21250,241887,21.5,214988
Guntur,Clay,32.5,875.9,65.0,Pulses,1.2,697,14281,70.7,34996
Vijayawada,Clay,29.0,848.4,63.1,Cotton,8.2,5510,231027,60.5,102328
Bhimavaram,Black,26.2,1151.4,75.2,Cotton,2.3,1921,71259,62.4,48611
Rajahmundry,Clay,28.0,1092.0,75.7,Groundnut,6.9,6967,96956,50.1,252090
Vijayawada,Black,30.2,937.6,68.0,Rice,5.0,8816,122500,22.3,74096
Kurnool,Black,32.9,718.3,51.6,Pulses,4.6,3083,51953,71.7,169098
Kurnool,Black,35.4,748.1,54.0,Pulses,1.3,739,16408,65.0,31627
Rajahmundry,Loamy,28.1,1010.2,86.2,Rice,7.9,19680,187940,21.7,239116
Rajahmundry,Clay,28.8,979.0,84.9,Pulses,1.4,725,18151,72.9,34701
Vijayawada,Sandy,33.2,903.7,69.3,Cotton,2.0,1371,58426,61.5,25890
Bhimavaram,Sandy,30.6,989.3,73.2,Maize,5.6,8273,93765,18.5,59285
Kurnool,Clay,31.6,680.5,52.7,Cotton,4.4,3242,131953,59.4,60621
Vijayawada,Clay,30.3,877.2,71.6,Groundnut,10.0,11654,151049,57.7,521386
Vijayawada,Loamy,28.2,965.8,64.5,Groundnut,4.7,4006,67893,58.3,165656
Bhimavaram,Loamy,29.9,1124.3,67.3,Maize,4.1,6029,74913,18.2,34814
Rajahmundry,Black,26.3,961.0,79.7,Maize,5.7,9009,91333,17.9,69928
Rajahmundry,Black,30.3,1135.0,83.5,Rice,4.9,10371,117600,19.9,88782
Vijayawada,Sandy,30.2,1050.2,77.0,Rice,3.7,7926,94485,22.4,83057
Bhimavaram,Loamy,26.9,1087.0,83.3,Groundnut,6.8,6159,110235,54.1,222966
Guntur,Clay,34.7,759.3,67.9,Pulses,2.6,1445,28992,70.8,73314
Guntur,Sandy,34.0,815.5,57.5,Pulses,4.8,2854,57348,71.9,147854
Vijayawada,Clay,32.9,944.1,79.3,Cotton,6.7,5480,197518,55.2,104978
Guntur,Black,31.5,866.4,69.8,Cotton,1.3,1415,36700,60.5,48907
Kurnool,Clay,34.3,852.8,59.4,Cotton,6.3,5423,189567,61.2,142320
Vijayawada,Loamy,33.5,816.7,68.3,Maize,2.9,4014,53189,19.1,23478
Bhimavaram,Loamy,26.8,861.0,72.9,Pulses,2.7,1768,33270,71.5,93142
Rajahmundry,Clay,29.4,922.1,82.6,Cotton,2.0,1467,66552,61.7,23961
Vijayawada,Sandy,29.8,888.9,69.5,Pulses,4.5,2635,57015,70.7,129279
Vijayawada,Loamy,29.5,1139.0,70.2,Groundnut,4.2,4523,61084,56.0,192204
Vijayawada,Clay,31.6,761.0,80.1,Groundnut,9.3,10500,136729,52.0,409271
Kurnool,Loamy,33.7,708.7,56.8,Maize,3.8,5809,70131,19.3,41982
Guntur,Sandy,33.1,795.0,71.8,Rice,2.6,6053,75244,20.8,50658
Guntur,Black,32.5,691.8,67.8,Cotton,6.4,6291,210465,57.7,152525
Kurnool,Black,29.6,652.9,45.1,Cotton,2.7,3019,72636,60.1,108805
Kurnool,Clay,28.8,668.0,63.2,Pulses,2.5,1554,28704,69.9,79920
Rajahmundry,Clay,30.0,1097.3,73.2,Maize,3.8,6038,59150,17.4,45911
Vijayawada,Loamy,30.0,1013.3,70.1,Groundnut,9.6,8251,136908,55.5,321022
Vijayawada,Clay,30.8,892.1,67.6,Maize,8.3,13317,145532,17.9,92842
Kurnool,Black,37.3,557.6,45.7,Cotton,7.2,8075,208670,59.0,267755
Vijayawada,Black,29.4,924.0,78.0,Cotton,2.5,2809,78233,55.8,78509
Kurnool,Loamy,30.7,416.1,51.0,Maize,3.6,5917,66474,17.8,38848
Rajahmundry,Clay,30.0,981.1,81.0,Pulses,3.6,2325,39709,71.0,125366
Vijayawada,Black,32.9,908.5,73.5,Pulses,5.6,4306,66849,71.4,240599
Kurnool,Loamy,31.5,718.1,57.3,Groundnut,8.0,8156,113881,55.6,339592
Rajahmundry,Loamy,32.9,1094.9,84.8,Cotton,5.9,4608,183636,60.8,96530
Vijayawada,Loamy,29.1,981.9,65.0,Maize,3.7,5199,67230,18.3,27911
Bhimavaram,Black,25.6,1205.4,77.9,Groundnut,4.1,3811,56771,54.6,151309
Bhimavaram,Black,27.1,1111.3,73.2,Rice,8.0,12788,196116,21.7,81383
Guntur,Clay,33.3,830.2,73.4,Pulses,7.2,3494,92064,69.2,149720
Kurnool,Black,34.7,708.0,60.7,Maize,6.5,9372,110573,19.3,70306
Guntur,Clay,31.8,922.2,71.2,Rice,6.1,10941,157040,21.4,77097
Kurnool,Sandy,32.7,707.2,47.5,Pulses,5.8,3209,74301,73.1,160276
Rajahmundry,Sandy,29.9,1074.3,78.5,Groundnut,6.2,8449,92068,55.6,377696
Kurnool,Loamy,35.3,622.3,62.8,Maize,9.7,12323,188826,17.7,29291
Vijayawada,Loamy,30.5,761.0,67.7,Groundnut,8.8,7885,127989,54.6,302532
Guntur,Clay,33.9,920.8,66.5,Maize,2.3,3072,39576,19.6,20635
Rajahmundry,Clay,28.5,1215.6,78.8,Cotton,5.4,4321,170669,63.8,105010
Kurnool,Sandy,32.8,661.2,54.7,Cotton,4.4,3639,137882,60.0,80458
Bhimavaram,Loamy,29.2,1263.8,76.9,Cotton,5.6,4620,155241,52.1,85461
Rajahmundry,Sandy,30.8,1040.5,77.4,Cotton,9.6,7867,287130,63.4,211637
Rajahmundry,Loamy,30.2,975.3,85.0,Rice,7.6,14870,195002,21.5,124703
Vijayawada,Sandy,29.7,958.4,70.1,Rice,8.2,17187,202246,20.0,141494
Vijayawada,Clay,30.1,1029.4,68.5,Cotton,8.4,6554,264428,57.9,115048
Vijayawada,Sandy,27.9,933.9,67.6,Groundnut,8.5,9214,126381,56.4,393288
Rajahmundry,Clay,30.0,1080.7,89.1,Pulses,8.7,5041,105852,68.2,237944
Rajahmundry,Loamy,28.3,991.5,77.6,Rice,1.9,3937,53079,21.2,30385
Vijayawada,Loamy,30.2,943.7,72.0,Rice,9.4,19295,250088,19.3,122305
Guntur,Black,27.2,850.4,70.5,Cotton,1.0,877,25488,61.7,28622
Vijayawada,Clay,31.5,841.0,65.1,Maize,8.9,12055,161085,17.4,48671
Rajahmundry,Clay,31.0,764.5,75.7,Groundnut,1.8,1597,26653,53.5,58786
Rajahmundry,Sandy,31.6,864.1,80.2,Rice,4.3,9080,117479,21.5,77741
Guntur,Loamy,32.6,719.6,53.0,Cotton,6.6,5726,197944,63.5,165657
Guntur,Black,29.3,952.0,74.3,Rice,7.3,15213,185023,22.0,149663
Bhimavaram,Clay,24.9,1235.6,71.9,Cotton,1.7,1429,47014,56.5,33724
Kurnool,Clay,35.9,665.3,62.3,Pulses,7.1,4227,77353,73.1,231640
Bhimavaram,Loamy,26.8,1169.9,75.1,Groundnut,8.4,7104,127035,61.0,306309
Vijayawada,Clay,32.0,944.2,75.4,Cotton,1.6,1307,48502,56.7,25604
Vijayawada,Loamy,31.5,1053.5,65.8,Rice,1.9,5210,47282,21.0,62128
Rajahmundry,Sandy,32.0,1021.3,83.8,Maize,4.4,6407,78963,18.4,38925
Guntur,Clay,32.6,700.4,59.4,Rice,5.8,12678,144042,21.4,127267
Bhimavaram,Clay,25.3,992.0,64.9,Cotton,4.2,3326,122229,57.1,67685
Guntur,Clay,31.9,936.4,75.5,Cotton,6.5,4414,206303,62.9,71337
Vijayawada,Clay,29.4,970.3,67.7,Rice,9.1,18538,244666,22.7,176146
Guntur,Loamy,33.0,857.0,57.6,Pulses,7.6,4465,96702,64.7,192183
Rajahmundry,Black,27.9,1062.6,75.1,Groundnut,8.1,7458,118926,51.2,262923
Guntur,Sandy,30.1,970.3,58.5,Rice,3.2,5377,77479,22.8,45116
Kurnool,Sandy,32.6,653.5,55.2,Rice,8.6,14197,220318,22.4,97694
Rajahmundry,Clay,29.2,1150.6,74.4,Pulses,6.5,4340,78602,68.8,219990
Guntur,Black,32.0,889.3,71.1,Groundnut,6.8,6068,98111,57.8,252619
Guntur,Black,30.8,990.1,73.5,Cotton,2.0,1996,62044,56.5,50730
Vijayawada,Loamy,32.5,969.9,72.4,Pulses,9.0,5051,99030,71.8,263631
Bhimavaram,Sandy,23.9,1068.3,79.7,Groundnut,2.2,2691,36214,57.8,119325
Kurnool,Black,31.7,702.7,54.8,Groundnut,5.9,4967,84338,53.5,181396
Guntur,Black,27.9,904.7,63.8,Rice,1.2,1999,30606,22.8,14971
Bhimavaram,Loamy,28.5,1067.6,78.0,Groundnut,2.9,3097,44168,52.7,119043
Bhimavaram,Black,28.6,1219.5,72.0,Pulses,3.6,2613,42064,70.1,141107
Kurnool,Black,31.7,722.3,46.3,Cotton,7.3,7177,207041,60.4,226449
Bhimavaram,Clay,30.0,1164.6,63.1,Groundnut,1.8,2168,27398,52.9,87289
Bhimavaram,Clay,28.3,1117.6,71.7,Maize,5.8,8872,101228,17.6,54919
Vijayawada,Loamy,29.6,806.7,70.7,Groundnut,7.3,7727,112318,57.3,330439
Guntur,Loamy,32.6,846.7,69.2,Maize,1.8,2333,30940,17.1,8954
Vijayawada,Loamy,33.2,1044.3,72.4,Cotton,6.5,5757,186426,61.0,164751
Bhimavaram,Sandy,27.7,1184.7,74.4,Maize,2.1,3029,38822,18.8,18123
Guntur,Loamy,30.7,893.9,59.7,Maize,5.5,6189,99992,18.5,14504
Rajahmundry,Sandy,30.5,855.0,78.2,Maize,4.3,5019,82700,17.0,2623
Rajahmundry,Loamy,32.5,1144.6,75.5,Rice,4.0,8513,101751,21.1,77873
Vijayawada,Sandy,31.2,901.7,61.1,Pulses,1.6,746,19417,68.0,31311
Kurnool,Loamy,31.9,769.6,60.9,Cotton,5.1,3969,150394,61.5,93699
Rajahmundry,Loamy,27.3,1072.3,82.8,Cotton,8.7,7433,235725,57.7,193159
Guntur,Sandy,30.2,910.0,67.4,Maize,3.3,5691,57929,17.6,42232
Bhimavaram,Loamy,30.3,1129.7,81.3,Maize,7.7,11883,130581,16.8,69053
Bhimavaram,Loamy,24.9,1166.2,80.9,Rice,3.2,9100,83372,23.3,128658
Vijayawada,Sandy,29.8,834.4,74.3,Cotton,9.3,7751,280498,61.2,193863
Guntur,Loamy,32.6,1028.4,71.5,Pulses,8.2,5188,102561,71.8,269937
Vijayawada,Clay,30.1,1025.7,63.0,Groundnut,3.2,3537,45133,55.8,152231
Rajahmundry,Sandy,28.3,1105.3,79.8,Rice,6.1,10254,155707,21.4,63728
Bhimavaram,Loamy,29.8,1100.1,77.0,Maize,3.0,4069,52408,17.6,19206
Kurnool,Loamy,34.7,867.7,51.0,Cotton,1.6,1418,42792,56.4,37183
Vijayawada,Sandy,29.1,814.7,62.1,Groundnut,3.9,4873,57873,56.0,215015
Kurnool,Black,34.4,726.6,58.3,Rice,4.3,8540,101119,23.2,97009
Rajahmundry,Sandy,28.8,956.4,79.1,Pulses,3.2,1745,37598,71.2,86646
Rajahmundry,Black,30.7,960.2,77.6,Maize,7.6,12625,140195,19.9,111042
Kurnool,Clay,35.4,814.4,48.1,Maize,1.1,1776,19747,17.5,11333
Vijayawada,Loamy,31.3,1044.5,72.5,Maize,5.9,8073,110142,17.4,30328
Bhimavaram,Sandy,28.4,1069.7,73.9,Rice,7.8,16795,184858,24.1,219901
Vijayawada,Sandy,27.4,890.2,71.9,Rice,2.8,5927,69648,21.9,60153
Guntur,Black,32.8,876.9,72.0,Cotton,9.7,10935,303699,57.1,320689
Guntur,Sandy,31.8,870.0,60.0,Rice,1.4,2901,34059,22.7,31793
Guntur,Black,29.9,1071.9,60.5,Groundnut,5.1,5212,79528,53.4,198792
Bhimavaram,Loamy,29.7,977.1,82.3,Pulses,2.2,1322,25612,69.0,65606
Vijayawada,Loamy,32.6,891.6,66.3,Pulses,6.1,3579,68892,76.4,204543
Vijayawada,Clay,29.9,1033.2,71.0,Maize,3.6,4868,64780,18.7,26251
Rajahmundry,Black,29.6,1169.3,85.1,Groundnut,3.9,4258,57155,52.0,164261
Rajahmundry,Clay,28.8,1069.6,82.7,Rice,9.5,17849,237403,22.2,158844
Guntur,Loamy,31.4,1029.1,67.1,Maize,2.0,3393,35611,18.8,28177
Vijayawada,Black,34.3,1081.2,64.5,Groundnut,4.7,4581,69283,56.3,188627
Kurnool,Sandy,34.4,616.1,55.3,Maize,5.1,6105,98418,17.5,8419
Vijayawada,Sandy,31.1,919.0,75.7,Rice,1.8,2578,44962,21.9,11496
Rajahmundry,Loamy,29.1,1222.6,75.6,Maize,8.5,13734,155725,19.1,106594
Rajahmundry,Clay,28.7,976.7,85.5,Rice,7.4,15429,170709,21.4,159471
Rajahmundry,Black,30.8,1133.8,76.6,Pulses,1.4,595,17239,65.7,21852
Rajahmundry,Sandy,26.0,766.8,84.1,Maize,1.3,1975,23135,19.3,14982
Vijayawada,Black,32.3,1111.6,63.0,Pulses,7.7,4604,84930,69.2,233666
Guntur,Loamy,31.5,962.7,65.2,Cotton,1.9,1615,59004,66.5,48393
Guntur,Loamy,31.4,805.9,66.2,Rice,1.6,2943,42963,21.7,20900
Guntur,Clay,30.9,852.9,68.6,Maize,8.4,12401,146348,19.5,95471
Rajahmundry,Loamy,28.3,1053.6,83.3,Pulses,6.3,3163,77415,66.3,132291
Bhimavaram,Loamy,29.6,1003.7,78.5,Rice,2.8,7463,73015,22.3,93409
Vijayawada,Clay,30.5,892.4,77.4,Rice,9.1,16927,215703,22.7,168539
Rajahmundry,Loamy,28.4,955.0,72.8,Rice,9.5,18082,236517,22.3,166711
Bhimavaram,Clay,29.9,1152.7,74.0,Pulses,4.9,2882,60299,74.5,154410
Vijayawada,Black,31.3,903.1,65.0,Rice,4.4,7528,113664,22.6,56468
Vijayawada,Clay,32.2,937.1,77.0,Groundnut,2.9,2760,45577,54.9,105947
Guntur,Sandy,30.8,959.3,67.0,Groundnut,5.0,6214,75304,54.9,265844
Guntur,Loamy,36.8,1018.4,68.6,Pulses,6.6,4004,83188,71.8,204299
Guntur,Sandy,32.1,869.6,64.6,Cotton,4.7,2568,142484,58.5,7744
Kurnool,Black,36.2,701.9,49.1,Rice,1.8,3582,42646,22.5,37949
Vijayawada,Clay,31.6,1045.8,66.0,Cotton,2.8,2248,78266,62.1,61334
Kurnool,Clay,34.0,749.6,55.0,Pulses,8.2,5124,106293,69.0,247263
Vijayawada,Sandy,31.3,841.4,65.7,Cotton,5.9,4766,186769,59.2,95378
Vijayawada,Sandy,30.5,909.3,67.3,Pulses,5.5,3397,61059,74.5,192017
Vijayawada,Sandy,29.7,1022.2,63.7,Maize,1.2,1920,22325,18.3,12811
Kurnool,Clay,31.0,725.0,49.1,Rice,9.1,17740,239209,22.9,167037
Rajahmundry,Loamy,30.0,952.5,83.2,Cotton,5.8,4649,153813,62.3,135819
Kurnool,Clay,33.0,820.2,49.5,Maize,1.9,1945,34677,18.3,916
Guntur,Sandy,28.6,802.2,78.8,Pulses,8.3,4828,103240,67.7,223615
Bhimavaram,Clay,23.8,1083.0,73.7,Pulses,8.6,4954,102608,70.9,248630
Vijayawada,Sandy,30.7,823.6,72.4,Maize,2.6,3140,42002,18.7,16716
